{"cameraMode":{"drawMode":0,"name":"Shaded","section":"Shading Mode"},"sceneLighting":false,"audioPlay":false,"sceneViewState":{"showFog":true,"showMaterialUpdate":false,"showSkybox":false,"showFlares":true,"showImageEffects":true,"showParticleSystems":true,"showVisualEffectGraphs":true,"m_FxEnabled":true},"in2DMode":false,"pivot":{"x":0.027273893356323243,"y":0.47538211941719057,"z":0.07047200202941895},"rotation":{"x":-0.14499087631702424,"y":0.3602050244808197,"z":-0.05669156834483147,"w":-0.9198294878005981},"size":2.2096974849700929,"orthographic":false}